open_time,open,high,low,close,volume,close_time,quote_asset_volume,number_of_trades,taker_buy_base_asset_volume,taker_buy_quote_asset_volume,ignore,open_time_vn,close_time_vn
2025-08-25 03:00:00+00:00,113412.36,113667.28,112905.16,112916.84,549.60431,2025-08-25 03:59:59.999000+00:00,62294358.06818830,127431,232.97116000,26417819.94895940,0,2025-08-25 10:00:00+07:00,2025-08-25 10:59:59.999000+07:00
2025-08-25 04:00:00+00:00,112916.84,113059.52,112611.78,112764.0,622.97182,2025-08-25 04:59:59.999000+00:00,70275460.02927600,152061,313.86032000,35407568.26064990,0,2025-08-25 11:00:00+07:00,2025-08-25 11:59:59.999000+07:00
2025-08-25 05:00:00+00:00,112764.01,112863.24,112309.99,112310.0,808.04429,2025-08-25 05:59:59.999000+00:00,90911967.32889760,120605,310.05875000,34896098.85266340,0,2025-08-25 12:00:00+07:00,2025-08-25 12:59:59.999000+07:00
2025-08-25 06:00:00+00:00,112310.0,112459.18,111756.6,111929.87,933.19436,2025-08-25 06:59:59.999000+00:00,104623577.93428800,168547,486.94713000,54601998.96675320,0,2025-08-25 13:00:00+07:00,2025-08-25 13:59:59.999000+07:00
2025-08-25 07:00:00+00:00,111929.87,112165.19,111284.05,111511.55,1689.81474,2025-08-25 07:59:59.999000+00:00,188786063.61783360,226211,814.94862000,91059013.02897480,0,2025-08-25 14:00:00+07:00,2025-08-25 14:59:59.999000+07:00
2025-08-25 08:00:00+00:00,111511.56,111820.53,110991.28,111414.3,1278.94125,2025-08-25 08:59:59.999000+00:00,142547324.39530700,198815,609.82424000,67995865.37451520,0,2025-08-25 15:00:00+07:00,2025-08-25 15:59:59.999000+07:00
2025-08-25 09:00:00+00:00,111414.3,111850.13,111259.76,111800.01,626.80974,2025-08-25 09:59:59.999000+00:00,69920960.83601140,110352,361.56409000,40335693.46969810,0,2025-08-25 16:00:00+07:00,2025-08-25 16:59:59.999000+07:00
2025-08-25 10:00:00+00:00,111800.0,111806.99,110939.4,110984.03,1416.44599,2025-08-25 10:59:59.999000+00:00,157645403.56683690,188771,573.38107000,63850839.88942730,0,2025-08-25 17:00:00+07:00,2025-08-25 17:59:59.999000+07:00
2025-08-25 11:00:00+00:00,110984.04,111279.91,110929.48,111214.97,706.0609,2025-08-25 11:59:59.999000+00:00,78451253.47329980,126730,384.91414000,42767502.88548670,0,2025-08-25 18:00:00+07:00,2025-08-25 18:59:59.999000+07:00
2025-08-25 12:00:00+00:00,111214.97,111682.49,111072.0,111586.31,722.92729,2025-08-25 12:59:59.999000+00:00,80563192.05479150,135571,401.62618000,44745945.07197810,0,2025-08-25 19:00:00+07:00,2025-08-25 19:59:59.999000+07:00
2025-08-25 13:00:00+00:00,111586.3,111754.82,110588.0,111491.69,1555.34009,2025-08-25 13:59:59.999000+00:00,172983396.15890360,317200,735.52706000,81828576.35177700,0,2025-08-25 20:00:00+07:00,2025-08-25 20:59:59.999000+07:00
2025-08-25 14:00:00+00:00,111491.7,112307.69,111326.49,112260.0,1426.03051,2025-08-25 14:59:59.999000+00:00,159679780.02647690,268109,828.53168000,92777834.27549440,0,2025-08-25 21:00:00+07:00,2025-08-25 21:59:59.999000+07:00
2025-08-25 15:00:00+00:00,112260.01,112580.0,111828.24,112200.64,889.02271,2025-08-25 15:59:59.999000+00:00,99805666.43379190,193805,433.14264000,48634417.41416500,0,2025-08-25 22:00:00+07:00,2025-08-25 22:59:59.999000+07:00
2025-08-25 16:00:00+00:00,112200.65,112937.26,112022.0,112502.43,781.23286,2025-08-25 16:59:59.999000+00:00,87921741.34766440,159113,391.27651000,44016436.40077840,0,2025-08-25 23:00:00+07:00,2025-08-25 23:59:59.999000+07:00
2025-08-25 17:00:00+00:00,112502.43,112800.0,112159.0,112431.4,674.4052,2025-08-25 17:59:59.999000+00:00,75854845.75872520,166457,266.69626000,29998206.48340770,0,2025-08-26 00:00:00+07:00,2025-08-26 00:59:59.999000+07:00
2025-08-25 18:00:00+00:00,112431.4,112618.89,112250.13,112402.9,310.54741,2025-08-25 18:59:59.999000+00:00,34916133.58909780,105757,132.63967000,14914744.24020430,0,2025-08-26 01:00:00+07:00,2025-08-26 01:59:59.999000+07:00
2025-08-25 19:00:00+00:00,112402.9,112430.16,110655.01,110716.13,1343.21864,2025-08-25 19:59:59.999000+00:00,149515985.67147720,254385,471.21723000,52490386.35746320,0,2025-08-26 02:00:00+07:00,2025-08-26 02:59:59.999000+07:00
2025-08-25 20:00:00+00:00,110716.13,111092.54,109390.01,109561.96,4098.07281,2025-08-25 20:59:59.999000+00:00,451105987.05151570,587493,1536.68583000,169158004.25187090,0,2025-08-26 03:00:00+07:00,2025-08-26 03:59:59.999000+07:00
2025-08-25 21:00:00+00:00,109561.96,110280.5,109274.1,109888.01,1595.13661,2025-08-25 21:59:59.999000+00:00,175064739.21451280,310640,631.39384000,69306255.70749460,0,2025-08-26 04:00:00+07:00,2025-08-26 04:59:59.999000+07:00
2025-08-25 22:00:00+00:00,109888.01,110599.07,109888.0,110153.23,652.68653,2025-08-25 22:59:59.999000+00:00,71960012.79167710,114300,294.67334000,32488888.07671450,0,2025-08-26 05:00:00+07:00,2025-08-26 05:59:59.999000+07:00
2025-08-25 23:00:00+00:00,110153.23,110267.55,109781.61,110111.98,666.91714,2025-08-25 23:59:59.999000+00:00,73381463.09314900,125075,286.84523000,31555980.17142530,0,2025-08-26 06:00:00+07:00,2025-08-26 06:59:59.999000+07:00
2025-08-26 00:00:00+00:00,110111.98,110111.98,108854.19,109100.23,2132.52683,2025-08-26 00:59:59.999000+00:00,233366280.52537030,484512,918.00878000,100464435.65441760,0,2025-08-26 07:00:00+07:00,2025-08-26 07:59:59.999000+07:00
2025-08-26 01:00:00+00:00,109100.24,109910.68,108666.66,109897.2,1090.85402,2025-08-26 01:59:59.999000+00:00,119349361.04024110,305347,605.62839000,66287420.58291680,0,2025-08-26 08:00:00+07:00,2025-08-26 08:59:59.999000+07:00
2025-08-26 02:00:00+00:00,109897.21,110026.14,109505.04,109710.96,531.88497,2025-08-26 02:59:59.999000+00:00,58389278.06318670,185941,240.43375000,26396885.86681290,0,2025-08-26 09:00:00+07:00,2025-08-26 09:59:59.999000+07:00
2025-08-26 03:00:00+00:00,109710.96,109927.99,109432.0,109879.56,400.12624,2025-08-26 03:59:59.999000+00:00,43906778.59613880,121920,218.99554000,24036288.98548670,0,2025-08-26 10:00:00+07:00,2025-08-26 10:59:59.999000+07:00
2025-08-26 04:00:00+00:00,109879.57,110235.29,109879.57,110100.01,466.51131,2025-08-26 04:59:59.999000+00:00,51350761.07570070,118873,262.75770000,28920245.82846240,0,2025-08-26 11:00:00+07:00,2025-08-26 11:59:59.999000+07:00
2025-08-26 05:00:00+00:00,110100.01,110375.58,110084.41,110196.01,359.69829,2025-08-26 05:59:59.999000+00:00,39649397.85334150,132193,178.23604000,19646812.20883130,0,2025-08-26 12:00:00+07:00,2025-08-26 12:59:59.999000+07:00
2025-08-26 06:00:00+00:00,110196.0,110342.57,109900.0,109988.18,469.86809,2025-08-26 06:59:59.999000+00:00,51724807.58530110,176771,212.21593000,23363511.09290640,0,2025-08-26 13:00:00+07:00,2025-08-26 13:59:59.999000+07:00
2025-08-26 07:00:00+00:00,109988.17,110547.31,109765.93,110303.2,613.97463,2025-08-26 07:59:59.999000+00:00,67634859.86266220,196714,372.33764000,41030146.96100110,0,2025-08-26 14:00:00+07:00,2025-08-26 14:59:59.999000+07:00
2025-08-26 08:00:00+00:00,110303.2,110455.13,110000.0,110102.02,448.59912,2025-08-26 08:59:59.999000+00:00,49440195.09449590,92141,245.24589000,27030520.57870940,0,2025-08-26 15:00:00+07:00,2025-08-26 15:59:59.999000+07:00
2025-08-26 09:00:00+00:00,110102.02,110413.54,110037.51,110152.89,335.89147,2025-08-26 09:59:59.999000+00:00,37025317.52487830,70714,182.55793000,20127284.29703760,0,2025-08-26 16:00:00+07:00,2025-08-26 16:59:59.999000+07:00
2025-08-26 10:00:00+00:00,110152.9,110413.54,110064.12,110216.53,405.76551,2025-08-26 10:59:59.999000+00:00,44757193.69588970,71988,157.56618000,17379879.43136780,0,2025-08-26 17:00:00+07:00,2025-08-26 17:59:59.999000+07:00
2025-08-26 11:00:00+00:00,110216.52,110224.09,109570.34,109876.52,661.84556,2025-08-26 11:59:59.999000+00:00,72670261.13702110,109296,284.75354000,31262620.27699260,0,2025-08-26 18:00:00+07:00,2025-08-26 18:59:59.999000+07:00
2025-08-26 12:00:00+00:00,109876.53,110818.6,109612.0,110216.81,1094.24871,2025-08-26 12:59:59.999000+00:00,120562469.43012660,263862,612.27587000,67485281.01481440,0,2025-08-26 19:00:00+07:00,2025-08-26 19:59:59.999000+07:00
2025-08-26 13:00:00+00:00,110216.81,110265.31,109393.93,110094.66,1207.83119,2025-08-26 13:59:59.999000+00:00,132752660.46444900,297511,632.15400000,69483639.69282010,0,2025-08-26 20:00:00+07:00,2025-08-26 20:59:59.999000+07:00
2025-08-26 14:00:00+00:00,110094.66,110552.86,109800.0,110358.13,1124.78296,2025-08-26 14:59:59.999000+00:00,123995654.23263660,300704,622.93523000,68670462.69729000,0,2025-08-26 21:00:00+07:00,2025-08-26 21:59:59.999000+07:00
2025-08-26 15:00:00+00:00,110358.13,110561.76,109550.0,109666.33,1132.82225,2025-08-26 15:59:59.999000+00:00,124629571.60391830,203481,582.65479000,64107078.59853820,0,2025-08-26 22:00:00+07:00,2025-08-26 22:59:59.999000+07:00
2025-08-26 16:00:00+00:00,109666.34,110153.84,109450.0,110153.84,936.04216,2025-08-26 16:59:59.999000+00:00,102681862.05775450,137083,528.20374000,57945335.29775040,0,2025-08-26 23:00:00+07:00,2025-08-26 23:59:59.999000+07:00
2025-08-26 17:00:00+00:00,110153.83,110205.68,109587.42,109988.07,788.03072,2025-08-26 17:59:59.999000+00:00,86558221.45865170,151967,336.52789000,36966885.88201230,0,2025-08-27 00:00:00+07:00,2025-08-27 00:59:59.999000+07:00
2025-08-26 18:00:00+00:00,109988.07,110990.05,109966.64,110695.58,721.67701,2025-08-26 18:59:59.999000+00:00,79757590.84400530,134193,516.28625000,57055242.29811790,0,2025-08-27 01:00:00+07:00,2025-08-27 01:59:59.999000+07:00
2025-08-26 19:00:00+00:00,110695.58,111162.59,110501.57,111116.03,1102.76066,2025-08-26 19:59:59.999000+00:00,122351588.53358650,146647,831.48319000,92251744.56115830,0,2025-08-27 02:00:00+07:00,2025-08-27 02:59:59.999000+07:00
2025-08-26 20:00:00+00:00,111116.03,111380.03,110918.26,111321.58,705.40181,2025-08-26 20:59:59.999000+00:00,78471570.48507410,77071,408.48936000,45438305.33216150,0,2025-08-27 03:00:00+07:00,2025-08-27 03:59:59.999000+07:00
2025-08-26 21:00:00+00:00,111321.57,111584.61,111113.67,111584.6,375.99082,2025-08-26 21:59:59.999000+00:00,41847844.49508880,75232,223.15093000,24838027.38205170,0,2025-08-27 04:00:00+07:00,2025-08-27 04:59:59.999000+07:00
2025-08-26 22:00:00+00:00,111584.6,111945.69,111557.09,111910.01,610.79197,2025-08-26 22:59:59.999000+00:00,68252506.38581680,115010,333.92334000,37314248.69638680,0,2025-08-27 05:00:00+07:00,2025-08-27 05:59:59.999000+07:00
2025-08-26 23:00:00+00:00,111910.0,112371.0,111737.38,111763.22,734.51247,2025-08-26 23:59:59.999000+00:00,82311315.45460360,108303,356.60967000,39966190.37891970,0,2025-08-27 06:00:00+07:00,2025-08-27 06:59:59.999000+07:00
2025-08-27 00:00:00+00:00,111763.22,111825.16,111339.22,111356.37,600.11827,2025-08-27 00:59:59.999000+00:00,66978319.92277500,101754,252.53556000,28193407.56446050,0,2025-08-27 07:00:00+07:00,2025-08-27 07:59:59.999000+07:00
2025-08-27 01:00:00+00:00,111356.38,111469.07,111092.8,111299.48,488.51561,2025-08-27 01:59:59.999000+00:00,54362032.40175500,84740,194.76857000,21670626.33412760,0,2025-08-27 08:00:00+07:00,2025-08-27 08:59:59.999000+07:00
2025-08-27 02:00:00+00:00,111299.48,111480.0,111105.45,111135.37,474.9491,2025-08-27 02:59:59.999000+00:00,52866287.95187450,109076,184.15121000,20498465.15903160,0,2025-08-27 09:00:00+07:00,2025-08-27 09:59:59.999000+07:00
2025-08-27 03:00:00+00:00,111135.37,111723.92,110918.26,111418.15,608.69015,2025-08-27 03:59:59.999000+00:00,67742999.03037300,115012,293.84988000,32706106.93030830,0,2025-08-27 10:00:00+07:00,2025-08-27 10:59:59.999000+07:00
2025-08-27 04:00:00+00:00,111418.15,111737.26,111403.29,111570.81,422.75409,2025-08-27 04:59:59.999000+00:00,47169902.56951320,116288,238.02416000,26557970.96127230,0,2025-08-27 11:00:00+07:00,2025-08-27 11:59:59.999000+07:00
2025-08-27 05:00:00+00:00,111570.81,111685.57,111337.85,111372.18,323.13251,2025-08-27 05:59:59.999000+00:00,36011364.91940690,75184,131.24035000,14626010.98574540,0,2025-08-27 12:00:00+07:00,2025-08-27 12:59:59.999000+07:00
2025-08-27 06:00:00+00:00,111372.18,111372.19,111028.02,111040.09,326.53843,2025-08-27 06:59:59.999000+00:00,36314201.77250610,71467,138.95621000,15453093.64636290,0,2025-08-27 13:00:00+07:00,2025-08-27 13:59:59.999000+07:00
2025-08-27 07:00:00+00:00,111040.1,111129.94,110622.5,110725.18,737.37791,2025-08-27 07:59:59.999000+00:00,81698687.33872840,107121,254.57684000,28209346.16986330,0,2025-08-27 14:00:00+07:00,2025-08-27 14:59:59.999000+07:00
2025-08-27 08:00:00+00:00,110725.19,110837.77,110345.42,110756.01,607.62048,2025-08-27 08:59:59.999000+00:00,67200637.76438310,102812,215.10422000,23793415.51092590,0,2025-08-27 15:00:00+07:00,2025-08-27 15:59:59.999000+07:00
2025-08-27 09:00:00+00:00,110756.0,111125.32,110720.06,110810.78,362.97245,2025-08-27 09:59:59.999000+00:00,40255966.91662400,69907,220.97755000,24507460.32387830,0,2025-08-27 16:00:00+07:00,2025-08-27 16:59:59.999000+07:00
2025-08-27 10:00:00+00:00,110810.77,111267.7,110810.77,110975.12,336.60819,2025-08-27 10:59:59.999000+00:00,37386990.21599970,80944,191.26816000,21242484.83934050,0,2025-08-27 17:00:00+07:00,2025-08-27 17:59:59.999000+07:00
2025-08-27 11:00:00+00:00,110975.12,111374.45,110975.11,111322.07,287.06641,2025-08-27 11:59:59.999000+00:00,31932835.42447940,63398,158.25554000,17602157.40154750,0,2025-08-27 18:00:00+07:00,2025-08-27 18:59:59.999000+07:00
2025-08-27 12:00:00+00:00,111322.07,111397.74,111022.78,111344.42,397.11123,2025-08-27 12:59:59.999000+00:00,44162591.93640650,99140,189.03237000,21023991.13104380,0,2025-08-27 19:00:00+07:00,2025-08-27 19:59:59.999000+07:00
2025-08-27 13:00:00+00:00,111344.43,111895.25,111019.02,111487.24,851.74843,2025-08-27 13:59:59.999000+00:00,94929858.00315610,239514,453.35970000,50526465.77565520,0,2025-08-27 20:00:00+07:00,2025-08-27 20:59:59.999000+07:00
2025-08-27 14:00:00+00:00,111487.24,112625.0,111283.97,111815.94,1276.25098,2025-08-27 14:59:59.999000+00:00,143044468.59476610,309152,616.15142000,69052703.86823230,0,2025-08-27 21:00:00+07:00,2025-08-27 21:59:59.999000+07:00
2025-08-27 15:00:00+00:00,111815.94,112084.43,111505.0,112000.0,784.98996,2025-08-27 15:59:59.999000+00:00,87813498.44120830,177161,413.51137000,46260700.11892170,0,2025-08-27 22:00:00+07:00,2025-08-27 22:59:59.999000+07:00
2025-08-27 16:00:00+00:00,111999.99,112250.0,111541.23,112121.46,613.40717,2025-08-27 16:59:59.999000+00:00,68654743.80086930,144797,308.28990000,34513198.03817980,0,2025-08-27 23:00:00+07:00,2025-08-27 23:59:59.999000+07:00
2025-08-27 17:00:00+00:00,112121.45,112444.1,111897.43,112345.29,386.39727,2025-08-27 17:59:59.999000+00:00,43348789.72559340,108726,182.84190000,20513285.61747290,0,2025-08-28 00:00:00+07:00,2025-08-28 00:59:59.999000+07:00
2025-08-27 18:00:00+00:00,112345.3,112600.0,111928.0,111947.21,410.75955,2025-08-27 18:59:59.999000+00:00,46153509.79173580,95449,190.84146000,21449924.91213830,0,2025-08-28 01:00:00+07:00,2025-08-28 01:59:59.999000+07:00
2025-08-27 19:00:00+00:00,111947.22,112212.06,111576.24,112080.69,491.86153,2025-08-27 19:59:59.999000+00:00,55065654.08155840,157803,225.04071000,25191916.12510420,0,2025-08-28 02:00:00+07:00,2025-08-28 02:59:59.999000+07:00
2025-08-27 20:00:00+00:00,112080.68,112419.09,110921.79,112419.07,1418.31926,2025-08-27 20:59:59.999000+00:00,158508670.62698680,332889,704.97019000,78789053.78222520,0,2025-08-28 03:00:00+07:00,2025-08-28 03:59:59.999000+07:00
2025-08-27 21:00:00+00:00,112419.08,112452.05,111368.15,111528.19,454.99512,2025-08-27 21:59:59.999000+00:00,50882281.46477280,135819,197.08816000,22033852.11378070,0,2025-08-28 04:00:00+07:00,2025-08-28 04:59:59.999000+07:00
2025-08-27 22:00:00+00:00,111528.19,111610.06,111051.0,111409.54,421.42728,2025-08-27 22:59:59.999000+00:00,46907227.14837140,122148,197.15509000,21945305.44348550,0,2025-08-28 05:00:00+07:00,2025-08-28 05:59:59.999000+07:00
2025-08-27 23:00:00+00:00,111409.54,111544.0,111102.28,111262.01,308.99737,2025-08-27 23:59:59.999000+00:00,34383407.34698860,91195,109.85498000,12225401.42437590,0,2025-08-28 06:00:00+07:00,2025-08-28 06:59:59.999000+07:00
2025-08-28 00:00:00+00:00,111262.01,111535.09,110862.42,111338.92,402.94473,2025-08-28 00:59:59.999000+00:00,44809698.14181910,136096,185.77786000,20661189.66069360,0,2025-08-28 07:00:00+07:00,2025-08-28 07:59:59.999000+07:00
2025-08-28 01:00:00+00:00,111338.93,111714.28,111334.89,111647.7,252.40621,2025-08-28 01:59:59.999000+00:00,28150572.40452430,82699,144.74778000,16144588.30397360,0,2025-08-28 08:00:00+07:00,2025-08-28 08:59:59.999000+07:00
2025-08-28 02:00:00+00:00,111647.71,111761.58,111446.07,111500.0,198.00577,2025-08-28 02:59:59.999000+00:00,22093127.92370760,81195,80.11851000,8939688.48662020,0,2025-08-28 09:00:00+07:00,2025-08-28 09:59:59.999000+07:00
2025-08-28 03:00:00+00:00,111499.99,112042.04,111408.0,112000.01,350.42111,2025-08-28 03:59:59.999000+00:00,39199819.79859530,75082,186.87613000,20904076.20502460,0,2025-08-28 10:00:00+07:00,2025-08-28 10:59:59.999000+07:00
2025-08-28 04:00:00+00:00,112000.0,113082.48,111945.07,112965.9,844.0612,2025-08-28 04:59:59.999000+00:00,95069925.80838250,133355,502.65190000,56612027.07506440,0,2025-08-28 11:00:00+07:00,2025-08-28 11:59:59.999000+07:00
2025-08-28 05:00:00+00:00,112965.89,113160.0,112702.13,112853.24,635.30026,2025-08-28 05:59:59.999000+00:00,71756392.40244930,110948,305.42527000,34502902.16128450,0,2025-08-28 12:00:00+07:00,2025-08-28 12:59:59.999000+07:00
2025-08-28 06:00:00+00:00,112853.24,113284.41,112716.0,113213.78,337.92035,2025-08-28 06:59:59.999000+00:00,38182557.61616860,82591,175.75662000,19863887.22146040,0,2025-08-28 13:00:00+07:00,2025-08-28 13:59:59.999000+07:00
2025-08-28 07:00:00+00:00,113213.79,113360.0,113005.92,113114.11,664.63681,2025-08-28 07:59:59.999000+00:00,75224089.54610290,68631,254.75522000,28839472.31761830,0,2025-08-28 14:00:00+07:00,2025-08-28 14:59:59.999000+07:00
2025-08-28 08:00:00+00:00,113114.11,113351.51,113006.66,113128.49,420.29225,2025-08-28 08:59:59.999000+00:00,47561639.23235870,59045,186.55140000,21112520.73022480,0,2025-08-28 15:00:00+07:00,2025-08-28 15:59:59.999000+07:00
2025-08-28 09:00:00+00:00,113128.49,113139.8,112850.4,112856.89,355.38489,2025-08-28 09:59:59.999000+00:00,40147743.11699400,31824,110.98348000,12538056.02644380,0,2025-08-28 16:00:00+07:00,2025-08-28 16:59:59.999000+07:00
2025-08-28 10:00:00+00:00,112856.89,113127.53,112826.22,113127.53,342.86877,2025-08-28 10:59:59.999000+00:00,38736842.91304550,33514,141.12643000,15944139.36080200,0,2025-08-28 17:00:00+07:00,2025-08-28 17:59:59.999000+07:00
2025-08-28 11:00:00+00:00,113127.53,113152.97,112850.0,112909.18,300.49745,2025-08-28 11:59:59.999000+00:00,33949286.00167580,40351,101.36778000,11453317.99982110,0,2025-08-28 18:00:00+07:00,2025-08-28 18:59:59.999000+07:00
2025-08-28 12:00:00+00:00,112909.18,113340.01,112781.68,113239.44,542.61317,2025-08-28 12:59:59.999000+00:00,61359481.51720660,74179,286.19106000,32371240.54166760,0,2025-08-28 19:00:00+07:00,2025-08-28 19:59:59.999000+07:00
2025-08-28 13:00:00+00:00,113239.44,113485.9,112575.43,112832.0,1179.11716,2025-08-28 13:59:59.999000+00:00,133180675.81705120,231491,506.10624000,57205111.89680510,0,2025-08-28 20:00:00+07:00,2025-08-28 20:59:59.999000+07:00
2025-08-28 14:00:00+00:00,112832.75,113300.0,112528.15,113153.06,644.09235,2025-08-28 14:59:59.999000+00:00,72740523.71907910,157733,302.42255000,34156095.80577670,0,2025-08-28 21:00:00+07:00,2025-08-28 21:59:59.999000+07:00
2025-08-28 15:00:00+00:00,113153.07,113250.0,112391.56,112678.53,723.11082,2025-08-28 15:59:59.999000+00:00,81512225.01709210,134306,287.01528000,32344375.70660200,0,2025-08-28 22:00:00+07:00,2025-08-28 22:59:59.999000+07:00
2025-08-28 16:00:00+00:00,112678.53,113186.56,112329.44,112329.44,566.22384,2025-08-28 16:59:59.999000+00:00,63872120.92747530,111247,250.48423000,28266317.97222720,0,2025-08-28 23:00:00+07:00,2025-08-28 23:59:59.999000+07:00
2025-08-28 17:00:00+00:00,112329.44,112617.86,112215.32,112387.99,544.60806,2025-08-28 17:59:59.999000+00:00,61211986.72877610,101693,235.69948000,26495165.21281870,0,2025-08-29 00:00:00+07:00,2025-08-29 00:59:59.999000+07:00
2025-08-28 18:00:00+00:00,112388.0,112718.2,112230.76,112373.59,299.78379,2025-08-28 18:59:59.999000+00:00,33708285.91445920,64138,147.35901000,16568896.42226350,0,2025-08-29 01:00:00+07:00,2025-08-29 01:59:59.999000+07:00
2025-08-28 19:00:00+00:00,112373.58,112575.84,111901.35,111901.36,402.6813,2025-08-28 19:59:59.999000+00:00,45181285.85548240,83894,165.20694000,18540574.92270950,0,2025-08-29 02:00:00+07:00,2025-08-29 02:59:59.999000+07:00
2025-08-28 20:00:00+00:00,111901.36,112111.05,111872.06,111902.49,225.57171,2025-08-28 20:59:59.999000+00:00,25256543.10751830,45713,110.84133000,12411150.56538490,0,2025-08-29 03:00:00+07:00,2025-08-29 03:59:59.999000+07:00
2025-08-28 21:00:00+00:00,111902.5,112133.65,111900.0,112025.07,225.0768,2025-08-28 21:59:59.999000+00:00,25205601.24930740,29706,129.14390000,14462461.97582510,0,2025-08-29 04:00:00+07:00,2025-08-29 04:59:59.999000+07:00
2025-08-28 22:00:00+00:00,112025.07,112509.33,112025.06,112340.64,326.33504,2025-08-28 22:59:59.999000+00:00,36664580.57694090,44143,162.78054000,18282690.47400390,0,2025-08-29 05:00:00+07:00,2025-08-29 05:59:59.999000+07:00
2025-08-28 23:00:00+00:00,112340.64,112575.98,112305.15,112566.9,320.3236,2025-08-28 23:59:59.999000+00:00,36013476.60910960,53206,180.07615000,20246056.63869930,0,2025-08-29 06:00:00+07:00,2025-08-29 06:59:59.999000+07:00
2025-08-29 00:00:00+00:00,112566.9,112638.64,112129.13,112200.94,446.62185,2025-08-29 00:59:59.999000+00:00,50190347.93628060,105623,204.68300000,23001225.87513940,0,2025-08-29 07:00:00+07:00,2025-08-29 07:59:59.999000+07:00
2025-08-29 01:00:00+00:00,112200.94,112271.38,111425.28,111486.0,719.46398,2025-08-29 01:59:59.999000+00:00,80350824.26248160,137454,310.65850000,34693918.08789260,0,2025-08-29 08:00:00+07:00,2025-08-29 08:59:59.999000+07:00
2025-08-29 02:00:00+00:00,111486.0,111770.44,111361.35,111419.98,547.49956,2025-08-29 02:59:59.999000+00:00,61059946.07010190,89130,230.23455000,25678062.18898160,0,2025-08-29 09:00:00+07:00,2025-08-29 09:59:59.999000+07:00
2025-08-29 03:00:00+00:00,111419.98,111823.19,111302.27,111704.23,409.42082,2025-08-29 03:59:59.999000+00:00,45681099.93165940,73080,219.82360000,24529611.22033190,0,2025-08-29 10:00:00+07:00,2025-08-29 10:59:59.999000+07:00
2025-08-29 04:00:00+00:00,111704.24,111850.56,111420.87,111502.0,396.49962,2025-08-29 04:59:59.999000+00:00,44258269.54824930,72416,138.56852000,15467855.53661550,0,2025-08-29 11:00:00+07:00,2025-08-29 11:59:59.999000+07:00
2025-08-29 05:00:00+00:00,111502.01,111583.13,111133.64,111315.42,508.83781,2025-08-29 05:59:59.999000+00:00,56637339.20245740,73960,182.77929000,20342739.01167880,0,2025-08-29 12:00:00+07:00,2025-08-29 12:59:59.999000+07:00
2025-08-29 06:00:00+00:00,111315.42,111401.06,110955.41,111279.45,1428.68924,2025-08-29 06:59:59.999000+00:00,158813795.30421870,157915,708.55950000,78766917.08632260,0,2025-08-29 13:00:00+07:00,2025-08-29 13:59:59.999000+07:00
2025-08-29 07:00:00+00:00,111279.45,111279.45,109899.99,110019.38,1926.94513,2025-08-29 07:59:59.999000+00:00,212751193.83253930,194877,899.15029000,99275811.80435550,0,2025-08-29 14:00:00+07:00,2025-08-29 14:59:59.999000+07:00
2025-08-29 08:00:00+00:00,110019.38,110270.3,109610.0,109628.02,1262.43838,2025-08-29 08:59:59.999000+00:00,138812684.20422400,170121,725.26051000,79757854.23947350,0,2025-08-29 15:00:00+07:00,2025-08-29 15:59:59.999000+07:00
2025-08-29 09:00:00+00:00,109628.02,109924.39,109414.18,109772.71,713.11845,2025-08-29 09:59:59.999000+00:00,78205438.65006620,116274,422.47821000,46335783.79851790,0,2025-08-29 16:00:00+07:00,2025-08-29 16:59:59.999000+07:00
2025-08-29 10:00:00+00:00,109772.71,110028.0,109750.0,110008.01,414.17589,2025-08-29 10:59:59.999000+00:00,45527386.79518510,78915,212.84461000,23395355.96785210,0,2025-08-29 17:00:00+07:00,2025-08-29 17:59:59.999000+07:00
2025-08-29 11:00:00+00:00,110008.0,110161.93,109835.29,110098.81,458.57754,2025-08-29 11:59:59.999000+00:00,50457429.26887490,83593,243.52909000,26797563.33348360,0,2025-08-29 18:00:00+07:00,2025-08-29 18:59:59.999000+07:00
2025-08-29 12:00:00+00:00,110098.81,111517.07,110070.73,110728.0,1553.7899,2025-08-29 12:59:59.999000+00:00,172219432.85028580,227730,904.20289000,100241366.63878460,0,2025-08-29 19:00:00+07:00,2025-08-29 19:59:59.999000+07:00
2025-08-29 13:00:00+00:00,110728.01,110780.57,108900.0,109106.14,2037.27573,2025-08-29 13:59:59.999000+00:00,223413630.19822630,345928,722.32338000,79247708.59547850,0,2025-08-29 20:00:00+07:00,2025-08-29 20:59:59.999000+07:00
2025-08-29 14:00:00+00:00,109106.14,109560.14,108103.0,108198.67,2371.46354,2025-08-29 14:59:59.999000+00:00,257737764.54618810,433253,1141.03609000,124032709.54434620,0,2025-08-29 21:00:00+07:00,2025-08-29 21:59:59.999000+07:00
2025-08-29 15:00:00+00:00,108198.66,108727.38,108188.39,108386.23,1766.75123,2025-08-29 15:59:59.999000+00:00,191663689.36811810,239141,1030.11671000,111773764.78657040,0,2025-08-29 22:00:00+07:00,2025-08-29 22:59:59.999000+07:00
2025-08-29 16:00:00+00:00,108386.23,108832.0,108140.0,108705.67,960.99261,2025-08-29 16:59:59.999000+00:00,104353977.22175530,170068,413.70679000,44929318.70690900,0,2025-08-29 23:00:00+07:00,2025-08-29 23:59:59.999000+07:00
2025-08-29 17:00:00+00:00,108705.68,108725.5,108155.73,108466.01,529.32413,2025-08-29 17:59:59.999000+00:00,57388934.66153120,153974,214.56311000,23259633.42239870,0,2025-08-30 00:00:00+07:00,2025-08-30 00:59:59.999000+07:00
2025-08-29 18:00:00+00:00,108466.01,108500.0,108101.07,108145.4,328.44201,2025-08-29 18:59:59.999000+00:00,35550219.19654050,107167,137.16231000,14845582.65198460,0,2025-08-30 01:00:00+07:00,2025-08-30 01:59:59.999000+07:00
2025-08-29 19:00:00+00:00,108145.4,108744.0,107934.24,108212.01,786.88663,2025-08-29 19:59:59.999000+00:00,85200916.04733480,160000,298.65040000,32352396.52469720,0,2025-08-30 02:00:00+07:00,2025-08-30 02:59:59.999000+07:00
2025-08-29 20:00:00+00:00,108212.01,108263.02,107506.0,107770.78,1863.41834,2025-08-29 20:59:59.999000+00:00,200877267.71467040,187536,661.83430000,71326122.12386720,0,2025-08-30 03:00:00+07:00,2025-08-30 03:59:59.999000+07:00
2025-08-29 21:00:00+00:00,107770.78,108470.75,107463.9,108450.01,644.62367,2025-08-29 21:59:59.999000+00:00,69595866.54257930,118770,355.19421000,38362655.91451490,0,2025-08-30 04:00:00+07:00,2025-08-30 04:59:59.999000+07:00
2025-08-29 22:00:00+00:00,108450.0,108480.49,108207.79,108378.97,247.74076,2025-08-29 22:59:59.999000+00:00,26837779.20838640,51372,111.22409000,12048788.99689860,0,2025-08-30 05:00:00+07:00,2025-08-30 05:59:59.999000+07:00
2025-08-29 23:00:00+00:00,108378.98,108549.99,108322.79,108377.4,257.31363,2025-08-29 23:59:59.999000+00:00,27907260.01557510,58662,127.77249000,13858767.04736220,0,2025-08-30 06:00:00+07:00,2025-08-30 06:59:59.999000+07:00
2025-08-30 00:00:00+00:00,108377.4,108410.73,108139.49,108300.71,612.21355,2025-08-30 00:59:59.999000+00:00,66283989.03294480,77611,259.28945000,28074145.25930760,0,2025-08-30 07:00:00+07:00,2025-08-30 07:59:59.999000+07:00
2025-08-30 01:00:00+00:00,108300.7,108350.0,107350.1,107447.97,702.48254,2025-08-30 01:59:59.999000+00:00,75819220.76979370,106456,240.71780000,25977347.57325550,0,2025-08-30 08:00:00+07:00,2025-08-30 08:59:59.999000+07:00
2025-08-30 02:00:00+00:00,107447.97,107951.77,107384.0,107782.01,781.27336,2025-08-30 02:59:59.999000+00:00,84207478.05916250,126299,417.09629000,44955147.94686250,0,2025-08-30 09:00:00+07:00,2025-08-30 09:59:59.999000+07:00
2025-08-30 03:00:00+00:00,107782.01,108436.21,107769.48,108436.2,1148.16791,2025-08-30 03:59:59.999000+00:00,124253278.70041510,119745,655.71579000,70952005.92037570,0,2025-08-30 10:00:00+07:00,2025-08-30 10:59:59.999000+07:00
2025-08-30 04:00:00+00:00,108436.21,108697.28,108372.95,108435.59,1453.52211,2025-08-30 04:59:59.999000+00:00,157732061.69235510,90967,1078.89982000,117076570.51049460,0,2025-08-30 11:00:00+07:00,2025-08-30 11:59:59.999000+07:00
2025-08-30 05:00:00+00:00,108435.58,108480.71,108129.3,108347.2,569.67263,2025-08-30 05:59:59.999000+00:00,61718987.57885980,75808,214.74964000,23263628.55308750,0,2025-08-30 12:00:00+07:00,2025-08-30 12:59:59.999000+07:00
2025-08-30 06:00:00+00:00,108347.2,108554.73,108209.35,108320.0,334.65645,2025-08-30 06:59:59.999000+00:00,36252082.33568920,56908,147.40327000,15968833.42528480,0,2025-08-30 13:00:00+07:00,2025-08-30 13:59:59.999000+07:00
2025-08-30 07:00:00+00:00,108320.0,108524.26,108120.0,108524.26,694.47404,2025-08-30 07:59:59.999000+00:00,75257056.06883010,62240,487.36170000,52820067.56332840,0,2025-08-30 14:00:00+07:00,2025-08-30 14:59:59.999000+07:00
2025-08-30 08:00:00+00:00,108524.26,108777.43,108488.0,108568.0,287.42447,2025-08-30 08:59:59.999000+00:00,31216771.09035260,53502,150.42436000,16337751.42008310,0,2025-08-30 15:00:00+07:00,2025-08-30 15:59:59.999000+07:00
2025-08-30 09:00:00+00:00,108568.0,108604.82,108470.84,108517.63,290.0264,2025-08-30 09:59:59.999000+00:00,31476733.68202400,36360,129.78800000,14085903.08662390,0,2025-08-30 16:00:00+07:00,2025-08-30 16:59:59.999000+07:00
2025-08-30 10:00:00+00:00,108517.63,108690.49,108400.0,108425.99,427.7596,2025-08-30 10:59:59.999000+00:00,46433682.16044570,44018,234.68368000,25473653.54584020,0,2025-08-30 17:00:00+07:00,2025-08-30 17:59:59.999000+07:00
2025-08-30 11:00:00+00:00,108425.98,108714.35,108422.36,108680.01,411.74343,2025-08-30 11:59:59.999000+00:00,44697115.53385310,33778,288.56165000,31325034.89433300,0,2025-08-30 18:00:00+07:00,2025-08-30 18:59:59.999000+07:00
2025-08-30 12:00:00+00:00,108680.01,108680.01,108333.0,108614.86,356.51633,2025-08-30 12:59:59.999000+00:00,38681485.08261390,69184,152.93628000,16591831.84137040,0,2025-08-30 19:00:00+07:00,2025-08-30 19:59:59.999000+07:00
2025-08-30 13:00:00+00:00,108614.85,108614.86,108190.52,108531.14,552.78663,2025-08-30 13:59:59.999000+00:00,59918124.91623050,83713,226.66606000,24574126.77355800,0,2025-08-30 20:00:00+07:00,2025-08-30 20:59:59.999000+07:00
2025-08-30 14:00:00+00:00,108531.14,108740.16,108408.84,108661.99,285.06574,2025-08-30 14:59:59.999000+00:00,30956020.96458480,54256,157.39534000,17096042.43540150,0,2025-08-30 21:00:00+07:00,2025-08-30 21:59:59.999000+07:00
2025-08-30 15:00:00+00:00,108662.0,108926.15,108551.08,108869.98,346.17102,2025-08-30 15:59:59.999000+00:00,37657696.09207270,65208,207.34668000,22554638.23373490,0,2025-08-30 22:00:00+07:00,2025-08-30 22:59:59.999000+07:00
2025-08-30 16:00:00+00:00,108869.98,108879.96,108665.63,108815.72,286.49152,2025-08-30 16:59:59.999000+00:00,31165943.77269530,39653,182.95146000,19901915.74533010,0,2025-08-30 23:00:00+07:00,2025-08-30 23:59:59.999000+07:00
2025-08-30 17:00:00+00:00,108815.72,108898.17,108625.46,108784.71,163.33936,2025-08-30 17:59:59.999000+00:00,17771789.03045330,37010,77.21647000,8401220.30731840,0,2025-08-31 00:00:00+07:00,2025-08-31 00:59:59.999000+07:00
2025-08-30 18:00:00+00:00,108784.71,108839.13,108629.28,108739.72,109.15999,2025-08-30 18:59:59.999000+00:00,11870492.43872120,28377,47.10110000,5121759.79046230,0,2025-08-31 01:00:00+07:00,2025-08-31 01:59:59.999000+07:00
2025-08-30 19:00:00+00:00,108739.72,108900.0,108650.0,108828.33,118.59542,2025-08-30 19:59:59.999000+00:00,12900723.65903180,28098,51.48355000,5600248.03122710,0,2025-08-31 02:00:00+07:00,2025-08-31 02:59:59.999000+07:00
2025-08-30 20:00:00+00:00,108828.32,108838.27,108580.93,108648.0,168.45642,2025-08-30 20:59:59.999000+00:00,18310723.62715180,36532,47.10042000,5118976.11639620,0,2025-08-31 03:00:00+07:00,2025-08-31 03:59:59.999000+07:00
2025-08-30 21:00:00+00:00,108648.0,108682.81,108500.0,108588.67,162.11994,2025-08-30 21:59:59.999000+00:00,17604469.04764570,29013,63.73411000,6920864.42567460,0,2025-08-31 04:00:00+07:00,2025-08-31 04:59:59.999000+07:00
2025-08-30 22:00:00+00:00,108588.67,108595.9,108468.77,108531.12,159.37321,2025-08-30 22:59:59.999000+00:00,17297612.16577590,25356,64.26399000,6974737.88264310,0,2025-08-31 05:00:00+07:00,2025-08-31 05:59:59.999000+07:00
2025-08-30 23:00:00+00:00,108531.13,108816.34,108530.15,108816.33,286.89952,2025-08-30 23:59:59.999000+00:00,31183235.23704970,30948,214.29092000,23291343.56140760,0,2025-08-31 06:00:00+07:00,2025-08-31 06:59:59.999000+07:00
2025-08-31 00:00:00+00:00,108816.33,109400.0,108801.35,109389.08,767.94031,2025-08-31 00:59:59.999000+00:00,83755667.01543490,104140,369.33709000,40301392.88681090,0,2025-08-31 07:00:00+07:00,2025-08-31 07:59:59.999000+07:00
2025-08-31 01:00:00+00:00,109389.09,109480.02,109141.6,109429.01,456.69292,2025-08-31 01:59:59.999000+00:00,49928308.29579130,75885,240.64050000,26309366.64782530,0,2025-08-31 08:00:00+07:00,2025-08-31 08:59:59.999000+07:00
2025-08-31 02:00:00+00:00,109429.02,109439.54,109171.97,109224.87,227.48673,2025-08-31 02:59:59.999000+00:00,24868342.34800290,35575,86.32911000,9437557.37137520,0,2025-08-31 09:00:00+07:00,2025-08-31 09:59:59.999000+07:00
2025-08-31 03:00:00+00:00,109224.88,109378.93,109160.05,109223.84,304.7115,2025-08-31 03:59:59.999000+00:00,33299546.85898560,46448,210.94535000,23053627.72099850,0,2025-08-31 10:00:00+07:00,2025-08-31 10:59:59.999000+07:00
2025-08-31 04:00:00+00:00,109223.84,109231.41,108666.93,108816.32,409.65172,2025-08-31 04:59:59.999000+00:00,44594955.83197440,57438,148.87799000,16203433.52939170,0,2025-08-31 11:00:00+07:00,2025-08-31 11:59:59.999000+07:00
2025-08-31 05:00:00+00:00,108816.33,108816.33,108572.0,108756.85,297.82501,2025-08-31 05:59:59.999000+00:00,32369445.54641260,44325,127.27777000,13832153.10634280,0,2025-08-31 12:00:00+07:00,2025-08-31 12:59:59.999000+07:00
2025-08-31 06:00:00+00:00,108756.85,108778.27,108523.49,108716.65,209.89685,2025-08-31 06:59:59.999000+00:00,22810908.68031100,36858,89.88702000,9769076.14795480,0,2025-08-31 13:00:00+07:00,2025-08-31 13:59:59.999000+07:00
2025-08-31 07:00:00+00:00,108716.65,108829.17,108670.0,108708.26,259.88571,2025-08-31 07:59:59.999000+00:00,28262951.05848790,29794,67.73694000,7365888.36880340,0,2025-08-31 14:00:00+07:00,2025-08-31 14:59:59.999000+07:00
2025-08-31 08:00:00+00:00,108708.25,109030.51,108708.25,109011.67,217.73644,2025-08-31 08:59:59.999000+00:00,23707377.54677500,40282,104.77627000,11409197.84282200,0,2025-08-31 15:00:00+07:00,2025-08-31 15:59:59.999000+07:00
2025-08-31 09:00:00+00:00,109011.67,109100.0,108447.6,108507.68,344.54949,2025-08-31 09:59:59.999000+00:00,37471265.32408750,67187,126.70007000,13781575.62055080,0,2025-08-31 16:00:00+07:00,2025-08-31 16:59:59.999000+07:00
2025-08-31 10:00:00+00:00,108507.68,108628.63,108303.21,108560.23,639.93429,2025-08-31 10:59:59.999000+00:00,69400025.24338530,78457,253.87775000,27535813.86396720,0,2025-08-31 17:00:00+07:00,2025-08-31 17:59:59.999000+07:00
2025-08-31 11:00:00+00:00,108560.23,108597.19,108323.73,108389.76,388.6744,2025-08-31 11:59:59.999000+00:00,42154743.13141470,48431,134.28725000,14562660.25415260,0,2025-08-31 18:00:00+07:00,2025-08-31 18:59:59.999000+07:00
2025-08-31 12:00:00+00:00,108389.77,108486.13,108307.69,108309.2,637.73664,2025-08-31 12:59:59.999000+00:00,69117709.90665670,63377,248.85764000,26972449.98684460,0,2025-08-31 19:00:00+07:00,2025-08-31 19:59:59.999000+07:00
2025-08-31 13:00:00+00:00,108309.21,108451.45,108191.29,108418.02,675.04582,2025-08-31 13:59:59.999000+00:00,73110784.05775080,81851,270.93158000,29344014.21851900,0,2025-08-31 20:00:00+07:00,2025-08-31 20:59:59.999000+07:00
2025-08-31 14:00:00+00:00,108418.02,108515.68,108255.43,108467.33,482.56215,2025-08-31 14:59:59.999000+00:00,52299269.14161390,56087,262.94226000,28502204.72822880,0,2025-08-31 21:00:00+07:00,2025-08-31 21:59:59.999000+07:00
2025-08-31 15:00:00+00:00,108467.32,108858.43,108462.6,108818.69,646.54444,2025-08-31 15:59:59.999000+00:00,70225292.00693810,76269,487.65760000,52962511.02036900,0,2025-08-31 22:00:00+07:00,2025-08-31 22:59:59.999000+07:00
2025-08-31 16:00:00+00:00,108818.69,108978.0,108555.0,108922.79,566.18074,2025-08-31 16:59:59.999000+00:00,61589696.50082530,77612,359.01136000,39053361.36860950,0,2025-08-31 23:00:00+07:00,2025-08-31 23:59:59.999000+07:00
2025-08-31 17:00:00+00:00,108922.79,108993.88,108852.89,108993.87,242.1119,2025-08-31 17:59:59.999000+00:00,26373552.94380880,36622,126.11240000,13736900.42669100,0,2025-09-01 00:00:00+07:00,2025-09-01 00:59:59.999000+07:00
2025-08-31 18:00:00+00:00,108993.88,109237.51,108927.5,109146.62,264.16429,2025-08-31 18:59:59.999000+00:00,28812349.41829690,40598,155.28913000,16937130.55432020,0,2025-09-01 01:00:00+07:00,2025-09-01 01:59:59.999000+07:00
2025-08-31 19:00:00+00:00,109146.62,109167.84,108916.28,108930.0,160.04622,2025-08-31 19:59:59.999000+00:00,17450906.21599360,34179,60.91702000,6641538.09522590,0,2025-09-01 02:00:00+07:00,2025-09-01 02:59:59.999000+07:00
2025-08-31 20:00:00+00:00,108930.0,109118.0,108880.0,109117.99,190.53944,2025-08-31 20:59:59.999000+00:00,20774880.63082040,30465,112.98363000,12319321.65179120,0,2025-09-01 03:00:00+07:00,2025-09-01 03:59:59.999000+07:00
2025-08-31 21:00:00+00:00,109118.0,109118.0,108957.12,109037.29,156.22084,2025-08-31 21:59:59.999000+00:00,17033744.90362730,26559,77.50066000,8449694.58818320,0,2025-09-01 04:00:00+07:00,2025-09-01 04:59:59.999000+07:00
2025-08-31 22:00:00+00:00,109037.3,109230.0,108758.37,108900.46,245.89578,2025-08-31 22:59:59.999000+00:00,26805113.48233300,56536,137.43865000,14985546.53621190,0,2025-09-01 05:00:00+07:00,2025-09-01 05:59:59.999000+07:00
2025-08-31 23:00:00+00:00,108900.45,108917.36,108076.93,108246.35,697.48233,2025-08-31 23:59:59.999000+00:00,75590058.26160390,121658,313.29554000,33940471.63319880,0,2025-09-01 06:00:00+07:00,2025-09-01 06:59:59.999000+07:00
2025-09-01 00:00:00+00:00,108246.36,108406.18,107631.68,108222.37,1078.8221,2025-09-01 00:59:59.999000+00:00,116502666.71286960,213874,478.02672000,51613477.68853730,0,2025-09-01 07:00:00+07:00,2025-09-01 07:59:59.999000+07:00
2025-09-01 01:00:00+00:00,108222.37,108482.98,107968.09,108150.24,471.21562,2025-09-01 01:59:59.999000+00:00,50978640.87134690,168219,214.66579000,23223696.50407150,0,2025-09-01 08:00:00+07:00,2025-09-01 08:59:59.999000+07:00
2025-09-01 02:00:00+00:00,108150.24,108197.67,107425.42,107617.05,869.81682,2025-09-01 02:59:59.999000+00:00,93716741.62590400,181538,352.16529000,37933955.71463300,0,2025-09-01 09:00:00+07:00,2025-09-01 09:59:59.999000+07:00
2025-09-01 03:00:00+00:00,107617.05,107769.94,107393.0,107660.01,786.48643,2025-09-01 03:59:59.999000+00:00,84585963.43494930,115105,330.26079000,35521916.73413980,0,2025-09-01 10:00:00+07:00,2025-09-01 10:59:59.999000+07:00
2025-09-01 04:00:00+00:00,107660.0,107759.99,107279.51,107409.1,645.82838,2025-09-01 04:59:59.999000+00:00,69402878.74507830,105981,274.03666000,29449126.48756560,0,2025-09-01 11:00:00+07:00,2025-09-01 11:59:59.999000+07:00
2025-09-01 05:00:00+00:00,107409.09,107987.4,107255.0,107866.12,547.79285,2025-09-01 05:59:59.999000+00:00,58926108.02539270,113693,257.82070000,27736669.43962680,0,2025-09-01 12:00:00+07:00,2025-09-01 12:59:59.999000+07:00
2025-09-01 06:00:00+00:00,107866.13,108128.0,107594.42,108064.75,384.59049,2025-09-01 06:59:59.999000+00:00,41506789.12773560,95631,213.03542000,22995603.90393110,0,2025-09-01 13:00:00+07:00,2025-09-01 13:59:59.999000+07:00
2025-09-01 07:00:00+00:00,108064.76,109432.99,107984.79,109432.99,1325.96108,2025-09-01 07:59:59.999000+00:00,144216492.77308330,178478,816.95367000,88854837.78746840,0,2025-09-01 14:00:00+07:00,2025-09-01 14:59:59.999000+07:00
2025-09-01 08:00:00+00:00,109432.99,109820.02,109424.0,109590.0,1103.75653,2025-09-01 08:59:59.999000+00:00,120961985.89004100,165130,521.31661000,57134651.45195060,0,2025-09-01 15:00:00+07:00,2025-09-01 15:59:59.999000+07:00
2025-09-01 09:00:00+00:00,109590.0,109912.4,109485.57,109524.12,513.50327,2025-09-01 09:59:59.999000+00:00,56330493.29482920,100855,244.47960000,26821801.69422640,0,2025-09-01 16:00:00+07:00,2025-09-01 16:59:59.999000+07:00
2025-09-01 10:00:00+00:00,109524.13,109535.32,108186.41,108571.41,948.82778,2025-09-01 10:59:59.999000+00:00,103198657.89395380,155725,378.30020000,41125926.53216800,0,2025-09-01 17:00:00+07:00,2025-09-01 17:59:59.999000+07:00
2025-09-01 11:00:00+00:00,108571.42,108857.35,108464.0,108782.88,545.20367,2025-09-01 11:59:59.999000+00:00,59232440.13623400,77283,275.64236000,29945651.84039020,0,2025-09-01 18:00:00+07:00,2025-09-01 18:59:59.999000+07:00
2025-09-01 12:00:00+00:00,108782.89,109165.47,108635.39,109108.27,636.3452,2025-09-01 12:59:59.999000+00:00,69332854.59830700,75699,259.91603000,28323029.55220850,0,2025-09-01 19:00:00+07:00,2025-09-01 19:59:59.999000+07:00
2025-09-01 13:00:00+00:00,109108.27,109520.0,108936.44,109023.61,725.12306,2025-09-01 13:59:59.999000+00:00,79189883.74998900,119034,323.73284000,35363778.68566110,0,2025-09-01 20:00:00+07:00,2025-09-01 20:59:59.999000+07:00
2025-09-01 14:00:00+00:00,109023.61,109332.28,108824.82,109146.6,490.85432,2025-09-01 14:59:59.999000+00:00,53542909.33919360,112704,230.43226000,25142708.50744620,0,2025-09-01 21:00:00+07:00,2025-09-01 21:59:59.999000+07:00
2025-09-01 15:00:00+00:00,109146.59,109373.1,108566.0,108784.33,414.02255,2025-09-01 15:59:59.999000+00:00,45087150.55908200,104092,188.82619000,20562187.44386000,0,2025-09-01 22:00:00+07:00,2025-09-01 22:59:59.999000+07:00
2025-09-01 16:00:00+00:00,108784.33,109096.0,108653.09,108774.23,374.40601,2025-09-01 16:59:59.999000+00:00,40762467.99187470,83854,176.02899000,19163728.12868120,0,2025-09-01 23:00:00+07:00,2025-09-01 23:59:59.999000+07:00
2025-09-01 17:00:00+00:00,108774.23,108953.82,108391.3,108927.61,570.88854,2025-09-01 17:59:59.999000+00:00,62052707.09778160,97756,269.84210000,29328684.46876750,0,2025-09-02 00:00:00+07:00,2025-09-02 00:59:59.999000+07:00
2025-09-01 18:00:00+00:00,108927.61,109267.22,108921.17,109240.0,346.10668,2025-09-01 18:59:59.999000+00:00,37764012.60756210,50356,185.78637000,20270724.10443490,0,2025-09-02 01:00:00+07:00,2025-09-02 01:59:59.999000+07:00
2025-09-01 19:00:00+00:00,109240.0,109329.65,109160.27,109217.64,261.74926,2025-09-01 19:59:59.999000+00:00,28592439.71589250,34436,98.16543000,10722805.39716240,0,2025-09-02 02:00:00+07:00,2025-09-02 02:59:59.999000+07:00
2025-09-01 20:00:00+00:00,109217.65,109217.65,108284.0,108877.38,873.53022,2025-09-01 20:59:59.999000+00:00,94969948.99440280,100219,395.40443000,42976408.79865300,0,2025-09-02 03:00:00+07:00,2025-09-02 03:59:59.999000+07:00
2025-09-01 21:00:00+00:00,108877.39,108939.42,107459.49,107800.8,917.91242,2025-09-01 21:59:59.999000+00:00,99142053.79788440,115017,398.31817000,42992585.90042480,0,2025-09-02 04:00:00+07:00,2025-09-02 04:59:59.999000+07:00
2025-09-01 22:00:00+00:00,107800.8,108500.04,107588.01,108444.96,517.76894,2025-09-01 22:59:59.999000+00:00,55916114.29041940,81843,289.88999000,31305224.53524000,0,2025-09-02 05:00:00+07:00,2025-09-02 05:59:59.999000+07:00
2025-09-01 23:00:00+00:00,108444.96,109442.95,108428.45,109237.42,703.08997,2025-09-01 23:59:59.999000+00:00,76604237.50732840,82862,359.94440000,39221767.68318510,0,2025-09-02 06:00:00+07:00,2025-09-02 06:59:59.999000+07:00
2025-09-02 00:00:00+00:00,109237.43,109337.64,108883.8,109040.36,552.10707,2025-09-02 00:59:59.999000+00:00,60227493.25317290,72837,250.40520000,27318689.04253370,0,2025-09-02 07:00:00+07:00,2025-09-02 07:59:59.999000+07:00
2025-09-02 01:00:00+00:00,109040.36,109611.11,108993.0,109313.0,616.57671,2025-09-02 01:59:59.999000+00:00,67408743.07911840,87760,364.02667000,39804797.40886790,0,2025-09-02 08:00:00+07:00,2025-09-02 08:59:59.999000+07:00
2025-09-02 02:00:00+00:00,109313.0,110272.06,109171.78,110246.01,1081.14032,2025-09-02 02:59:59.999000+00:00,118592152.50984390,102429,672.98581000,73848386.10236150,0,2025-09-02 09:00:00+07:00,2025-09-02 09:59:59.999000+07:00
2025-09-02 03:00:00+00:00,110246.0,110623.97,110060.12,110322.18,916.19598,2025-09-02 03:59:59.999000+00:00,101074468.24990220,137369,470.98981000,51961061.26697280,0,2025-09-02 10:00:00+07:00,2025-09-02 10:59:59.999000+07:00
2025-09-02 04:00:00+00:00,110322.19,110420.0,110143.62,110310.56,492.48149,2025-09-02 04:59:59.999000+00:00,54307264.08124230,70886,239.48173000,26410170.89124490,0,2025-09-02 11:00:00+07:00,2025-09-02 11:59:59.999000+07:00
2025-09-02 05:00:00+00:00,110310.56,110337.06,110045.01,110209.32,359.35463,2025-09-02 05:59:59.999000+00:00,39594533.20570180,67337,179.80463000,19811002.11574300,0,2025-09-02 12:00:00+07:00,2025-09-02 12:59:59.999000+07:00
2025-09-02 06:00:00+00:00,110209.33,110610.5,110173.96,110376.63,596.39606,2025-09-02 06:59:59.999000+00:00,65846081.89418220,90493,354.10643000,39095601.90516400,0,2025-09-02 13:00:00+07:00,2025-09-02 13:59:59.999000+07:00
2025-09-02 07:00:00+00:00,110376.63,110400.0,110000.0,110233.92,504.4839,2025-09-02 07:59:59.999000+00:00,55599432.74736050,99373,221.54454000,24416320.67955040,0,2025-09-02 14:00:00+07:00,2025-09-02 14:59:59.999000+07:00
2025-09-02 08:00:00+00:00,110233.91,110711.1,110052.27,110360.0,557.03627,2025-09-02 08:59:59.999000+00:00,61471812.94765800,113763,309.29490000,34139319.21739720,0,2025-09-02 15:00:00+07:00,2025-09-02 15:59:59.999000+07:00
2025-09-02 09:00:00+00:00,110360.01,110699.58,110256.94,110450.56,476.55196,2025-09-02 09:59:59.999000+00:00,52625783.32803890,94933,220.90717000,24399206.07803620,0,2025-09-02 16:00:00+07:00,2025-09-02 16:59:59.999000+07:00
2025-09-02 10:00:00+00:00,110450.56,110477.85,110185.04,110199.49,313.58592,2025-09-02 10:59:59.999000+00:00,34596901.73548030,44425,191.27616000,21101555.02724750,0,2025-09-02 17:00:00+07:00,2025-09-02 17:59:59.999000+07:00
